gene	start	stop	frame	contig	score	mmseqs_phrog	mmseqs_alnScore	mmseqs_seqIdentity	mmseqs_eVal	mmseqs_top_hit	pyhmmer_phrog	pyhmmer_bitscore	pyhmmer_evalue	custom_hmm_id	custom_hmm_bitscore	custom_hmm_evalue	phrog	Method	Region	color	annot	category	vfdb_hit	vfdb_alnScore	vfdb_seqIdentity	vfdb_eVal	vfdb_short_name	vfdb_description	vfdb_species	CARD_hit	CARD_alnScore	CARD_seqIdentity	CARD_eVal	CARD_species	ARO_Accession	CARD_short_name	Protein_Accession	DNA_Accession	AMR_Gene_Family	Drug_Class	Resistance_Mechanism	transl_table
CBXRCNVH_CDS_0001	2	73	+	NC_044954.1	1.1	No_MMseqs	No_MMseqs	No_MMseqs	No_MMseqs	No_MMseqs_PHROG_hit	No_PHROGs_HMM	No_PHROGs_HMM	No_PHROGs_HMM	No_custom_HMM	No_custom_HMM	No_custom_HMM	No_PHROGs_HMM	Pyrodigal_3.3.0	CDS	None	hypothetical protein	unknown function	None	None	None	None	None	None	None	None	None	None	None	None	None	None	None	None	None	None	None	1
CBXRCNVH_CDS_0002	753	890	+	NC_044954.1	8.5	No_MMseqs	No_MMseqs	No_MMseqs	No_MMseqs	No_MMseqs_PHROG_hit	No_PHROGs_HMM	No_PHROGs_HMM	No_PHROGs_HMM	No_custom_HMM	No_custom_HMM	No_custom_HMM	No_PHROGs_HMM	Pyrodigal_3.3.0	CDS	None	hypothetical protein	unknown function	None	None	None	None	None	None	None	None	None	None	None	None	None	None	None	None	None	None	None	1
CBXRCNVH_CDS_0003	1020	1163	+	NC_044954.1	10.4	No_MMseqs	No_MMseqs	No_MMseqs	No_MMseqs	No_MMseqs_PHROG_hit	No_PHROGs_HMM	No_PHROGs_HMM	No_PHROGs_HMM	No_custom_HMM	No_custom_HMM	No_custom_HMM	No_PHROGs_HMM	Pyrodigal_3.3.0	CDS	None	hypothetical protein	unknown function	None	None	None	None	None	None	None	None	None	None	None	None	None	None	None	None	None	None	None	1
CBXRCNVH_CDS_0004	2455	1532	-	NC_044954.1	77.1	No_MMseqs	No_MMseqs	No_MMseqs	No_MMseqs	No_MMseqs_PHROG_hit	No_PHROGs_HMM	No_PHROGs_HMM	No_PHROGs_HMM	No_custom_HMM	No_custom_HMM	No_custom_HMM	No_PHROGs_HMM	Pyrodigal_3.3.0	CDS	None	hypothetical protein	unknown function	None	None	None	None	None	None	None	None	None	None	None	None	None	None	None	None	None	None	None	1
CBXRCNVH_CDS_0005	2777	3295	+	NC_044954.1	41.5	No_MMseqs	No_MMseqs	No_MMseqs	No_MMseqs	No_MMseqs_PHROG_hit	No_PHROGs_HMM	No_PHROGs_HMM	No_PHROGs_HMM	No_custom_HMM	No_custom_HMM	No_custom_HMM	No_PHROGs_HMM	Pyrodigal_3.3.0	CDS	None	hypothetical protein	unknown function	None	None	None	None	None	None	None	None	None	None	None	None	None	None	None	None	None	None	None	1
CBXRCNVH_CDS_0006	3655	3404	-	NC_044954.1	22.7	No_MMseqs	No_MMseqs	No_MMseqs	No_MMseqs	No_MMseqs_PHROG_hit	No_PHROGs_HMM	No_PHROGs_HMM	No_PHROGs_HMM	No_custom_HMM	No_custom_HMM	No_custom_HMM	No_PHROGs_HMM	Pyrodigal_3.3.0	CDS	None	hypothetical protein	unknown function	None	None	None	None	None	None	None	None	None	None	None	None	None	None	None	None	None	None	None	1
CBXRCNVH_CDS_0007	4022	3741	-	NC_044954.1	29.9	No_MMseqs	No_MMseqs	No_MMseqs	No_MMseqs	No_MMseqs_PHROG_hit	No_PHROGs_HMM	No_PHROGs_HMM	No_PHROGs_HMM	No_custom_HMM	No_custom_HMM	No_custom_HMM	No_PHROGs_HMM	Pyrodigal_3.3.0	CDS	None	hypothetical protein	unknown function	None	None	None	None	None	None	None	None	None	None	None	None	None	None	None	None	None	None	None	1
CBXRCNVH_CDS_0008	5313	4246	-	NC_044954.1	103.7	No_MMseqs	No_MMseqs	No_MMseqs	No_MMseqs	No_MMseqs_PHROG_hit	No_PHROGs_HMM	No_PHROGs_HMM	No_PHROGs_HMM	No_custom_HMM	No_custom_HMM	No_custom_HMM	No_PHROGs_HMM	Pyrodigal_3.3.0	CDS	None	hypothetical protein	unknown function	None	None	None	None	None	None	None	None	None	None	None	None	None	None	None	None	None	None	None	1
CBXRCNVH_CDS_0009	6348	5539	-	NC_044954.1	39.9	No_MMseqs	No_MMseqs	No_MMseqs	No_MMseqs	No_MMseqs_PHROG_hit	No_PHROGs_HMM	No_PHROGs_HMM	No_PHROGs_HMM	No_custom_HMM	No_custom_HMM	No_custom_HMM	No_PHROGs_HMM	Pyrodigal_3.3.0	CDS	None	hypothetical protein	unknown function	None	None	None	None	None	None	None	None	None	None	None	None	None	None	None	None	None	None	None	1
CBXRCNVH_CDS_0010	6861	6511	-	NC_044954.1	27.2	No_MMseqs	No_MMseqs	No_MMseqs	No_MMseqs	No_MMseqs_PHROG_hit	No_PHROGs_HMM	No_PHROGs_HMM	No_PHROGs_HMM	No_custom_HMM	No_custom_HMM	No_custom_HMM	No_PHROGs_HMM	Pyrodigal_3.3.0	CDS	None	hypothetical protein	unknown function	None	None	None	None	None	None	None	None	None	None	None	None	None	None	None	None	None	None	None	1
CBXRCNVH_CDS_0011	7334	6960	-	NC_044954.1	7.0	No_MMseqs	No_MMseqs	No_MMseqs	No_MMseqs	No_MMseqs_PHROG_hit	No_PHROGs_HMM	No_PHROGs_HMM	No_PHROGs_HMM	No_custom_HMM	No_custom_HMM	No_custom_HMM	No_PHROGs_HMM	Pyrodigal_3.3.0	CDS	None	hypothetical protein	unknown function	None	None	None	None	None	None	None	None	None	None	None	None	None	None	None	None	None	None	None	1
CBXRCNVH_CDS_0012	7878	7516	-	NC_044954.1	9.9	No_MMseqs	No_MMseqs	No_MMseqs	No_MMseqs	No_MMseqs_PHROG_hit	No_PHROGs_HMM	No_PHROGs_HMM	No_PHROGs_HMM	No_custom_HMM	No_custom_HMM	No_custom_HMM	No_PHROGs_HMM	Pyrodigal_3.3.0	CDS	None	hypothetical protein	unknown function	None	None	None	None	None	None	None	None	None	None	None	None	None	None	None	None	None	None	None	1
CBXRCNVH_CDS_0013	8483	8127	-	NC_044954.1	15.7	No_MMseqs	No_MMseqs	No_MMseqs	No_MMseqs	No_MMseqs_PHROG_hit	No_PHROGs_HMM	No_PHROGs_HMM	No_PHROGs_HMM	No_custom_HMM	No_custom_HMM	No_custom_HMM	No_PHROGs_HMM	Pyrodigal_3.3.0	CDS	None	hypothetical protein	unknown function	None	None	None	None	None	None	None	None	None	None	None	None	None	None	None	None	None	None	None	1
CBXRCNVH_CDS_0014	9111	8734	-	NC_044954.1	11.3	No_MMseqs	No_MMseqs	No_MMseqs	No_MMseqs	No_MMseqs_PHROG_hit	No_PHROGs_HMM	No_PHROGs_HMM	No_PHROGs_HMM	No_custom_HMM	No_custom_HMM	No_custom_HMM	No_PHROGs_HMM	Pyrodigal_3.3.0	CDS	None	hypothetical protein	unknown function	None	None	None	None	None	None	None	None	None	None	None	None	None	None	None	None	None	None	None	1
CBXRCNVH_CDS_0015	10239	9865	-	NC_044954.1	13.6	No_MMseqs	No_MMseqs	No_MMseqs	No_MMseqs	No_MMseqs_PHROG_hit	No_PHROGs_HMM	No_PHROGs_HMM	No_PHROGs_HMM	No_custom_HMM	No_custom_HMM	No_custom_HMM	No_PHROGs_HMM	Pyrodigal_3.3.0	CDS	None	hypothetical protein	unknown function	None	None	None	None	None	None	None	None	None	None	None	None	None	None	None	None	None	None	None	1
CBXRCNVH_CDS_0016	10474	10854	+	NC_044954.1	6.0	No_MMseqs	No_MMseqs	No_MMseqs	No_MMseqs	No_MMseqs_PHROG_hit	No_PHROGs_HMM	No_PHROGs_HMM	No_PHROGs_HMM	No_custom_HMM	No_custom_HMM	No_custom_HMM	No_PHROGs_HMM	Pyrodigal_3.3.0	CDS	None	hypothetical protein	unknown function	None	None	None	None	None	None	None	None	None	None	None	None	None	None	None	None	None	None	None	1
CBXRCNVH_CDS_0017	11874	11014	-	NC_044954.1	53.6	No_MMseqs	No_MMseqs	No_MMseqs	No_MMseqs	No_MMseqs_PHROG_hit	No_PHROGs_HMM	No_PHROGs_HMM	No_PHROGs_HMM	No_custom_HMM	No_custom_HMM	No_custom_HMM	No_PHROGs_HMM	Pyrodigal_3.3.0	CDS	None	hypothetical protein	unknown function	None	None	None	None	None	None	None	None	None	None	None	None	None	None	None	None	None	None	None	1
CBXRCNVH_CDS_0018	12584	12069	-	NC_044954.1	21.0	No_MMseqs	No_MMseqs	No_MMseqs	No_MMseqs	No_MMseqs_PHROG_hit	No_PHROGs_HMM	No_PHROGs_HMM	No_PHROGs_HMM	No_custom_HMM	No_custom_HMM	No_custom_HMM	No_PHROGs_HMM	Pyrodigal_3.3.0	CDS	None	hypothetical protein	unknown function	None	None	None	None	None	None	None	None	None	None	None	None	None	None	None	None	None	None	None	1
CBXRCNVH_CDS_0019	13141	12668	-	NC_044954.1	22.2	No_MMseqs	No_MMseqs	No_MMseqs	No_MMseqs	No_MMseqs_PHROG_hit	No_PHROGs_HMM	No_PHROGs_HMM	No_PHROGs_HMM	No_custom_HMM	No_custom_HMM	No_custom_HMM	No_PHROGs_HMM	Pyrodigal_3.3.0	CDS	None	hypothetical protein	unknown function	None	None	None	None	None	None	None	None	None	None	None	None	None	None	None	None	None	None	None	1
CBXRCNVH_CDS_0020	13488	13105	-	NC_044954.1	17.0	No_MMseqs	No_MMseqs	No_MMseqs	No_MMseqs	No_MMseqs_PHROG_hit	No_PHROGs_HMM	No_PHROGs_HMM	No_PHROGs_HMM	No_custom_HMM	No_custom_HMM	No_custom_HMM	No_PHROGs_HMM	Pyrodigal_3.3.0	CDS	None	hypothetical protein	unknown function	None	None	None	None	None	None	None	None	None	None	None	None	None	None	None	None	None	None	None	1
CBXRCNVH_CDS_0021	14881	13721	-	NC_044954.1	99.1	No_MMseqs	No_MMseqs	No_MMseqs	No_MMseqs	No_MMseqs_PHROG_hit	No_PHROGs_HMM	No_PHROGs_HMM	No_PHROGs_HMM	No_custom_HMM	No_custom_HMM	No_custom_HMM	No_PHROGs_HMM	Pyrodigal_3.3.0	CDS	None	hypothetical protein	unknown function	None	None	None	None	None	None	None	None	None	None	None	None	None	None	None	None	None	None	None	1
CBXRCNVH_CDS_0022	16605	15478	-	NC_044954.1	93.8	No_MMseqs	No_MMseqs	No_MMseqs	No_MMseqs	No_MMseqs_PHROG_hit	No_PHROGs_HMM	No_PHROGs_HMM	No_PHROGs_HMM	No_custom_HMM	No_custom_HMM	No_custom_HMM	No_PHROGs_HMM	Pyrodigal_3.3.0	CDS	None	hypothetical protein	unknown function	None	None	None	None	None	None	None	None	None	None	None	None	None	None	None	None	None	None	None	1
CBXRCNVH_CDS_0023	17436	17681	+	NC_044954.1	16.3	No_MMseqs	No_MMseqs	No_MMseqs	No_MMseqs	No_MMseqs_PHROG_hit	No_PHROGs_HMM	No_PHROGs_HMM	No_PHROGs_HMM	No_custom_HMM	No_custom_HMM	No_custom_HMM	No_PHROGs_HMM	Pyrodigal_3.3.0	CDS	None	hypothetical protein	unknown function	None	None	None	None	None	None	None	None	None	None	None	None	None	None	None	None	None	None	None	1
CBXRCNVH_CDS_0024	18733	17927	-	NC_044954.1	61.0	No_MMseqs	No_MMseqs	No_MMseqs	No_MMseqs	No_MMseqs_PHROG_hit	No_PHROGs_HMM	No_PHROGs_HMM	No_PHROGs_HMM	No_custom_HMM	No_custom_HMM	No_custom_HMM	No_PHROGs_HMM	Pyrodigal_3.3.0	CDS	None	hypothetical protein	unknown function	None	None	None	None	None	None	None	None	None	None	None	None	None	None	None	None	None	None	None	1
CBXRCNVH_CDS_0025	19643	19873	+	NC_044954.1	20.1	No_MMseqs	No_MMseqs	No_MMseqs	No_MMseqs	No_MMseqs_PHROG_hit	No_PHROGs_HMM	No_PHROGs_HMM	No_PHROGs_HMM	No_custom_HMM	No_custom_HMM	No_custom_HMM	No_PHROGs_HMM	Pyrodigal_3.3.0	CDS	None	hypothetical protein	unknown function	None	None	None	None	None	None	None	None	None	None	None	None	None	None	None	None	None	None	None	1
CBXRCNVH_CDS_0026	19899	20126	+	NC_044954.1	15.5	No_MMseqs	No_MMseqs	No_MMseqs	No_MMseqs	No_MMseqs_PHROG_hit	No_PHROGs_HMM	No_PHROGs_HMM	No_PHROGs_HMM	No_custom_HMM	No_custom_HMM	No_custom_HMM	No_PHROGs_HMM	Pyrodigal_3.3.0	CDS	None	hypothetical protein	unknown function	None	None	None	None	None	None	None	None	None	None	None	None	None	None	None	None	None	None	None	1
CBXRCNVH_CDS_0027	21237	20242	-	NC_044954.1	75.0	No_MMseqs	No_MMseqs	No_MMseqs	No_MMseqs	No_MMseqs_PHROG_hit	No_PHROGs_HMM	No_PHROGs_HMM	No_PHROGs_HMM	No_custom_HMM	No_custom_HMM	No_custom_HMM	No_PHROGs_HMM	Pyrodigal_3.3.0	CDS	None	hypothetical protein	unknown function	None	None	None	None	None	None	None	None	None	None	None	None	None	None	None	None	None	None	None	1
CBXRCNVH_CDS_0028	22372	21413	-	NC_044954.1	92.4	No_MMseqs	No_MMseqs	No_MMseqs	No_MMseqs	No_MMseqs_PHROG_hit	No_PHROGs_HMM	No_PHROGs_HMM	No_PHROGs_HMM	No_custom_HMM	No_custom_HMM	No_custom_HMM	No_PHROGs_HMM	Pyrodigal_3.3.0	CDS	None	hypothetical protein	unknown function	None	None	None	None	None	None	None	None	None	None	None	None	None	None	None	None	None	None	None	1
CBXRCNVH_CDS_0029	23685	22624	-	NC_044954.1	123.3	No_MMseqs	No_MMseqs	No_MMseqs	No_MMseqs	No_MMseqs_PHROG_hit	No_PHROGs_HMM	No_PHROGs_HMM	No_PHROGs_HMM	No_custom_HMM	No_custom_HMM	No_custom_HMM	No_PHROGs_HMM	Pyrodigal_3.3.0	CDS	None	hypothetical protein	unknown function	None	None	None	None	None	None	None	None	None	None	None	None	None	None	None	None	None	None	None	1
CBXRCNVH_CDS_0030	24802	23735	-	NC_044954.1	91.4	No_MMseqs	No_MMseqs	No_MMseqs	No_MMseqs	No_MMseqs_PHROG_hit	No_PHROGs_HMM	No_PHROGs_HMM	No_PHROGs_HMM	No_custom_HMM	No_custom_HMM	No_custom_HMM	No_PHROGs_HMM	Pyrodigal_3.3.0	CDS	None	hypothetical protein	unknown function	None	None	None	None	None	None	None	None	None	None	None	None	None	None	None	None	None	None	None	1
CBXRCNVH_CDS_0031	25892	24831	-	NC_044954.1	112.2	No_MMseqs	No_MMseqs	No_MMseqs	No_MMseqs	No_MMseqs_PHROG_hit	No_PHROGs_HMM	No_PHROGs_HMM	No_PHROGs_HMM	No_custom_HMM	No_custom_HMM	No_custom_HMM	No_PHROGs_HMM	Pyrodigal_3.3.0	CDS	None	hypothetical protein	unknown function	None	None	None	None	None	None	None	None	None	None	None	None	None	None	None	None	None	None	None	1
CBXRCNVH_CDS_0032	26041	27633	+	NC_044954.1	127.7	No_MMseqs	No_MMseqs	No_MMseqs	No_MMseqs	No_MMseqs_PHROG_hit	No_PHROGs_HMM	No_PHROGs_HMM	No_PHROGs_HMM	No_custom_HMM	No_custom_HMM	No_custom_HMM	No_PHROGs_HMM	Pyrodigal_3.3.0	CDS	None	hypothetical protein	unknown function	None	None	None	None	None	None	None	None	None	None	None	None	None	None	None	None	None	None	None	1
CBXRCNVH_CDS_0033	28731	27682	-	NC_044954.1	130.7	No_MMseqs	No_MMseqs	No_MMseqs	No_MMseqs	No_MMseqs_PHROG_hit	No_PHROGs_HMM	No_PHROGs_HMM	No_PHROGs_HMM	No_custom_HMM	No_custom_HMM	No_custom_HMM	No_PHROGs_HMM	Pyrodigal_3.3.0	CDS	None	hypothetical protein	unknown function	None	None	None	None	None	None	None	None	None	None	None	None	None	None	None	None	None	None	None	1
CBXRCNVH_CDS_0034	29980	28919	-	NC_044954.1	90.3	No_MMseqs	No_MMseqs	No_MMseqs	No_MMseqs	No_MMseqs_PHROG_hit	No_PHROGs_HMM	No_PHROGs_HMM	No_PHROGs_HMM	No_custom_HMM	No_custom_HMM	No_custom_HMM	No_PHROGs_HMM	Pyrodigal_3.3.0	CDS	None	hypothetical protein	unknown function	None	None	None	None	None	None	None	None	None	None	None	None	None	None	None	None	None	None	None	1
CBXRCNVH_CDS_0035	31266	30193	-	NC_044954.1	88.6	No_MMseqs	No_MMseqs	No_MMseqs	No_MMseqs	No_MMseqs_PHROG_hit	No_PHROGs_HMM	No_PHROGs_HMM	No_PHROGs_HMM	No_custom_HMM	No_custom_HMM	No_custom_HMM	No_PHROGs_HMM	Pyrodigal_3.3.0	CDS	None	hypothetical protein	unknown function	None	None	None	None	None	None	None	None	None	None	None	None	None	None	None	None	None	None	None	1
CBXRCNVH_CDS_0036	31541	33115	+	NC_044954.1	175.0	No_MMseqs	No_MMseqs	No_MMseqs	No_MMseqs	No_MMseqs_PHROG_hit	No_PHROGs_HMM	No_PHROGs_HMM	No_PHROGs_HMM	No_custom_HMM	No_custom_HMM	No_custom_HMM	No_PHROGs_HMM	Pyrodigal_3.3.0	CDS	None	hypothetical protein	unknown function	None	None	None	None	None	None	None	None	None	None	None	None	None	None	None	None	None	None	None	1
CBXRCNVH_CDS_0037	33208	34044	+	NC_044954.1	85.6	No_MMseqs	No_MMseqs	No_MMseqs	No_MMseqs	No_MMseqs_PHROG_hit	No_PHROGs_HMM	No_PHROGs_HMM	No_PHROGs_HMM	No_custom_HMM	No_custom_HMM	No_custom_HMM	No_PHROGs_HMM	Pyrodigal_3.3.0	CDS	None	hypothetical protein	unknown function	None	None	None	None	None	None	None	None	None	None	None	None	None	None	None	None	None	None	None	1
CBXRCNVH_CDS_0038	34130	34321	+	NC_044954.1	0.1	No_MMseqs	No_MMseqs	No_MMseqs	No_MMseqs	No_MMseqs_PHROG_hit	No_PHROGs_HMM	No_PHROGs_HMM	No_PHROGs_HMM	No_custom_HMM	No_custom_HMM	No_custom_HMM	No_PHROGs_HMM	Pyrodigal_3.3.0	CDS	None	hypothetical protein	unknown function	None	None	None	None	None	None	None	None	None	None	None	None	None	None	None	None	None	None	None	1
CBXRCNVH_CDS_0039	34322	35842	+	NC_044954.1	161.6	No_MMseqs	No_MMseqs	No_MMseqs	No_MMseqs	No_MMseqs_PHROG_hit	No_PHROGs_HMM	No_PHROGs_HMM	No_PHROGs_HMM	No_custom_HMM	No_custom_HMM	No_custom_HMM	No_PHROGs_HMM	Pyrodigal_3.3.0	CDS	None	hypothetical protein	unknown function	None	None	None	None	None	None	None	None	None	None	None	None	None	None	None	None	None	None	None	1
CBXRCNVH_CDS_0040	35871	37379	+	NC_044954.1	178.0	No_MMseqs	No_MMseqs	No_MMseqs	No_MMseqs	No_MMseqs_PHROG_hit	No_PHROGs_HMM	No_PHROGs_HMM	No_PHROGs_HMM	No_custom_HMM	No_custom_HMM	No_custom_HMM	No_PHROGs_HMM	Pyrodigal_3.3.0	CDS	None	hypothetical protein	unknown function	None	None	None	None	None	None	None	None	None	None	None	None	None	None	None	None	None	None	None	1
CBXRCNVH_CDS_0041	37567	39153	+	NC_044954.1	159.9	No_MMseqs	No_MMseqs	No_MMseqs	No_MMseqs	No_MMseqs_PHROG_hit	No_PHROGs_HMM	No_PHROGs_HMM	No_PHROGs_HMM	No_custom_HMM	No_custom_HMM	No_custom_HMM	No_PHROGs_HMM	Pyrodigal_3.3.0	CDS	None	hypothetical protein	unknown function	None	None	None	None	None	None	None	None	None	None	None	None	None	None	None	None	None	None	None	1
CBXRCNVH_CDS_0042	39560	41080	+	NC_044954.1	138.6	No_MMseqs	No_MMseqs	No_MMseqs	No_MMseqs	No_MMseqs_PHROG_hit	No_PHROGs_HMM	No_PHROGs_HMM	No_PHROGs_HMM	No_custom_HMM	No_custom_HMM	No_custom_HMM	No_PHROGs_HMM	Pyrodigal_3.3.0	CDS	None	hypothetical protein	unknown function	None	None	None	None	None	None	None	None	None	None	None	None	None	None	None	None	None	None	None	1
CBXRCNVH_CDS_0043	41743	43374	+	NC_044954.1	187.1	No_MMseqs	No_MMseqs	No_MMseqs	No_MMseqs	No_MMseqs_PHROG_hit	No_PHROGs_HMM	No_PHROGs_HMM	No_PHROGs_HMM	No_custom_HMM	No_custom_HMM	No_custom_HMM	No_PHROGs_HMM	Pyrodigal_3.3.0	CDS	None	hypothetical protein	unknown function	None	None	None	None	None	None	None	None	None	None	None	None	None	None	None	None	None	None	None	1
CBXRCNVH_CDS_0044	44179	43505	-	NC_044954.1	60.6	No_MMseqs	No_MMseqs	No_MMseqs	No_MMseqs	No_MMseqs_PHROG_hit	No_PHROGs_HMM	No_PHROGs_HMM	No_PHROGs_HMM	No_custom_HMM	No_custom_HMM	No_custom_HMM	No_PHROGs_HMM	Pyrodigal_3.3.0	CDS	None	hypothetical protein	unknown function	None	None	None	None	None	None	None	None	None	None	None	None	None	None	None	None	None	None	None	1
CBXRCNVH_CDS_0045	44540	44854	+	NC_044954.1	41.3	No_MMseqs	No_MMseqs	No_MMseqs	No_MMseqs	No_MMseqs_PHROG_hit	379	57.650654	1.8502922521157734e-15	No_custom_HMM	No_custom_HMM	No_custom_HMM	379	Pyrodigal_3.3.0	CDS	#ffdf59	DNA binding protein	DNA, RNA and nucleotide metabolism	None	None	None	None	None	None	None	None	None	None	None	None	None	None	None	None	None	None	None	1
CBXRCNVH_CDS_0046	45462	44851	-	NC_044954.1	67.4	No_MMseqs	No_MMseqs	No_MMseqs	No_MMseqs	No_MMseqs_PHROG_hit	No_PHROGs_HMM	No_PHROGs_HMM	No_PHROGs_HMM	No_custom_HMM	No_custom_HMM	No_custom_HMM	No_PHROGs_HMM	Pyrodigal_3.3.0	CDS	None	hypothetical protein	unknown function	None	None	None	None	None	None	None	None	None	None	None	None	None	None	None	None	None	None	None	1
CBXRCNVH_CDS_0047	45574	45449	-	NC_044954.1	2.3	No_MMseqs	No_MMseqs	No_MMseqs	No_MMseqs	No_MMseqs_PHROG_hit	761	27.180038	5.781105286225546e-06	No_custom_HMM	No_custom_HMM	No_custom_HMM	761	Pyrodigal_3.3.0	CDS	#838383	thymidylate kinase	other	None	None	None	None	None	None	None	None	None	None	None	None	None	None	None	None	None	None	None	1
CBXRCNVH_CDS_0048	45924	46376	+	NC_044954.1	37.2	No_MMseqs	No_MMseqs	No_MMseqs	No_MMseqs	No_MMseqs_PHROG_hit	No_PHROGs_HMM	No_PHROGs_HMM	No_PHROGs_HMM	No_custom_HMM	No_custom_HMM	No_custom_HMM	No_PHROGs_HMM	Pyrodigal_3.3.0	CDS	None	hypothetical protein	unknown function	None	None	None	None	None	None	None	None	None	None	None	None	None	None	None	None	None	None	None	1
CBXRCNVH_CDS_0049	46872	47687	+	NC_044954.1	68.2	No_MMseqs	No_MMseqs	No_MMseqs	No_MMseqs	No_MMseqs_PHROG_hit	No_PHROGs_HMM	No_PHROGs_HMM	No_PHROGs_HMM	No_custom_HMM	No_custom_HMM	No_custom_HMM	No_PHROGs_HMM	Pyrodigal_3.3.0	CDS	None	hypothetical protein	unknown function	None	None	None	None	None	None	None	None	None	None	None	None	None	None	None	None	None	None	None	1
CBXRCNVH_CDS_0050	48829	48110	-	NC_044954.1	29.3	No_MMseqs	No_MMseqs	No_MMseqs	No_MMseqs	No_MMseqs_PHROG_hit	9262	26.310858	9.291437230441673e-06	No_custom_HMM	No_custom_HMM	No_custom_HMM	9262	Pyrodigal_3.3.0	CDS	#c9c9c9	hypothetical protein	unknown function	None	None	None	None	None	None	None	None	None	None	None	None	None	None	None	None	None	None	None	1
CBXRCNVH_CDS_0051	51452	48873	-	NC_044954.1	291.1	No_MMseqs	No_MMseqs	No_MMseqs	No_MMseqs	No_MMseqs_PHROG_hit	16	144.904816	5.927224154854608e-42	No_custom_HMM	No_custom_HMM	No_custom_HMM	16	Pyrodigal_3.3.0	CDS	#ffdf59	DNA helicase	DNA, RNA and nucleotide metabolism	None	None	None	None	None	None	None	None	None	None	None	None	None	None	None	None	None	None	None	1
CBXRCNVH_CDS_0052	51993	51454	-	NC_044954.1	47.0	No_MMseqs	No_MMseqs	No_MMseqs	No_MMseqs	No_MMseqs_PHROG_hit	No_PHROGs_HMM	No_PHROGs_HMM	No_PHROGs_HMM	No_custom_HMM	No_custom_HMM	No_custom_HMM	No_PHROGs_HMM	Pyrodigal_3.3.0	CDS	None	hypothetical protein	unknown function	None	None	None	None	None	None	None	None	None	None	None	None	None	None	None	None	None	None	None	1
CBXRCNVH_CDS_0053	52316	52729	+	NC_044954.1	57.3	No_MMseqs	No_MMseqs	No_MMseqs	No_MMseqs	No_MMseqs_PHROG_hit	No_PHROGs_HMM	No_PHROGs_HMM	No_PHROGs_HMM	No_custom_HMM	No_custom_HMM	No_custom_HMM	No_PHROGs_HMM	Pyrodigal_3.3.0	CDS	None	hypothetical protein	unknown function	None	None	None	None	None	None	None	None	None	None	None	None	None	None	None	None	None	None	None	1
CBXRCNVH_CDS_0054	53746	52790	-	NC_044954.1	90.0	No_MMseqs	No_MMseqs	No_MMseqs	No_MMseqs	No_MMseqs_PHROG_hit	No_PHROGs_HMM	No_PHROGs_HMM	No_PHROGs_HMM	No_custom_HMM	No_custom_HMM	No_custom_HMM	No_PHROGs_HMM	Pyrodigal_3.3.0	CDS	None	hypothetical protein	unknown function	None	None	None	None	None	None	None	None	None	None	None	None	None	None	None	None	None	None	None	1
CBXRCNVH_CDS_0055	54759	53776	-	NC_044954.1	120.6	No_MMseqs	No_MMseqs	No_MMseqs	No_MMseqs	No_MMseqs_PHROG_hit	86	178.376282	4.55642337889744e-52	No_custom_HMM	No_custom_HMM	No_custom_HMM	86	Pyrodigal_3.3.0	CDS	#ffdf59	ribonucleoside diphosphate reductase small subunit	DNA, RNA and nucleotide metabolism	None	None	None	None	None	None	None	None	None	None	None	None	None	None	None	None	None	None	None	1
CBXRCNVH_CDS_0056	54801	57140	+	NC_044954.1	266.4	No_MMseqs	No_MMseqs	No_MMseqs	No_MMseqs	No_MMseqs_PHROG_hit	84	520.527893	1.7795870219091665e-155	No_custom_HMM	No_custom_HMM	No_custom_HMM	84	Pyrodigal_3.3.0	CDS	#ffdf59	ribonucleoside-diphosphate reductase large subunit	DNA, RNA and nucleotide metabolism	None	None	None	None	None	None	None	None	None	None	None	None	None	None	None	None	None	None	None	1
CBXRCNVH_CDS_0057	57260	57670	+	NC_044954.1	46.0	No_MMseqs	No_MMseqs	No_MMseqs	No_MMseqs	No_MMseqs_PHROG_hit	No_PHROGs_HMM	No_PHROGs_HMM	No_PHROGs_HMM	No_custom_HMM	No_custom_HMM	No_custom_HMM	No_PHROGs_HMM	Pyrodigal_3.3.0	CDS	None	hypothetical protein	unknown function	None	None	None	None	None	None	None	None	None	None	None	None	None	None	None	None	None	None	None	1
CBXRCNVH_CDS_0058	60965	57657	-	NC_044954.1	331.2	No_MMseqs	No_MMseqs	No_MMseqs	No_MMseqs	No_MMseqs_PHROG_hit	4913	125.485046	3.471586903421644e-36	No_custom_HMM	No_custom_HMM	No_custom_HMM	4913	Pyrodigal_3.3.0	CDS	#ffdf59	replication	DNA, RNA and nucleotide metabolism	None	None	None	None	None	None	None	None	None	None	None	None	None	None	None	None	None	None	None	1
CBXRCNVH_CDS_0059	61117	61746	+	NC_044954.1	84.6	No_MMseqs	No_MMseqs	No_MMseqs	No_MMseqs	No_MMseqs_PHROG_hit	No_PHROGs_HMM	No_PHROGs_HMM	No_PHROGs_HMM	No_custom_HMM	No_custom_HMM	No_custom_HMM	No_PHROGs_HMM	Pyrodigal_3.3.0	CDS	None	hypothetical protein	unknown function	None	None	None	None	None	None	None	None	None	None	None	None	None	None	None	None	None	None	None	1
CBXRCNVH_CDS_0060	61836	62057	+	NC_044954.1	24.2	No_MMseqs	No_MMseqs	No_MMseqs	No_MMseqs	No_MMseqs_PHROG_hit	No_PHROGs_HMM	No_PHROGs_HMM	No_PHROGs_HMM	No_custom_HMM	No_custom_HMM	No_custom_HMM	No_PHROGs_HMM	Pyrodigal_3.3.0	CDS	None	hypothetical protein	unknown function	None	None	None	None	None	None	None	None	None	None	None	None	None	None	None	None	None	None	None	1
CBXRCNVH_CDS_0061	62054	62620	+	NC_044954.1	47.3	No_MMseqs	No_MMseqs	No_MMseqs	No_MMseqs	No_MMseqs_PHROG_hit	592	92.247276	6.773357231459738e-26	No_custom_HMM	No_custom_HMM	No_custom_HMM	592	Pyrodigal_3.3.0	CDS	#838383	thymidine kinase	other	None	None	None	None	None	None	None	None	None	None	None	None	None	None	None	None	None	None	None	1
CBXRCNVH_CDS_0062	62661	63098	+	NC_044954.1	57.7	No_MMseqs	No_MMseqs	No_MMseqs	No_MMseqs	No_MMseqs_PHROG_hit	No_PHROGs_HMM	No_PHROGs_HMM	No_PHROGs_HMM	No_custom_HMM	No_custom_HMM	No_custom_HMM	No_PHROGs_HMM	Pyrodigal_3.3.0	CDS	None	hypothetical protein	unknown function	None	None	None	None	None	None	None	None	None	None	None	None	None	None	None	None	None	None	None	1
CBXRCNVH_CDS_0063	63132	64394	+	NC_044954.1	143.1	No_MMseqs	No_MMseqs	No_MMseqs	No_MMseqs	No_MMseqs_PHROG_hit	No_PHROGs_HMM	No_PHROGs_HMM	No_PHROGs_HMM	No_custom_HMM	No_custom_HMM	No_custom_HMM	No_PHROGs_HMM	Pyrodigal_3.3.0	CDS	None	hypothetical protein	unknown function	None	None	None	None	None	None	None	None	None	None	None	None	None	None	None	None	None	None	None	1
CBXRCNVH_CDS_0064	68161	64433	-	NC_044954.1	458.4	No_MMseqs	No_MMseqs	No_MMseqs	No_MMseqs	No_MMseqs_PHROG_hit	24349	155.818161	1.8253438909180062e-45	No_custom_HMM	No_custom_HMM	No_custom_HMM	24349	Pyrodigal_3.3.0	CDS	#c9c9c9	hypothetical protein	unknown function	None	None	None	None	None	None	None	None	None	None	None	None	None	None	None	None	None	None	None	1
CBXRCNVH_CDS_0065	68240	68491	+	NC_044954.1	19.0	No_MMseqs	No_MMseqs	No_MMseqs	No_MMseqs	No_MMseqs_PHROG_hit	No_PHROGs_HMM	No_PHROGs_HMM	No_PHROGs_HMM	No_custom_HMM	No_custom_HMM	No_custom_HMM	No_PHROGs_HMM	Pyrodigal_3.3.0	CDS	None	hypothetical protein	unknown function	None	None	None	None	None	None	None	None	None	None	None	None	None	None	None	None	None	None	None	1
CBXRCNVH_CDS_0066	68527	69801	+	NC_044954.1	137.7	No_MMseqs	No_MMseqs	No_MMseqs	No_MMseqs	No_MMseqs_PHROG_hit	No_PHROGs_HMM	No_PHROGs_HMM	No_PHROGs_HMM	No_custom_HMM	No_custom_HMM	No_custom_HMM	No_PHROGs_HMM	Pyrodigal_3.3.0	CDS	None	hypothetical protein	unknown function	None	None	None	None	None	None	None	None	None	None	None	None	None	None	None	None	None	None	None	1
CBXRCNVH_CDS_0067	70312	70767	+	NC_044954.1	28.9	No_MMseqs	No_MMseqs	No_MMseqs	No_MMseqs	No_MMseqs_PHROG_hit	No_PHROGs_HMM	No_PHROGs_HMM	No_PHROGs_HMM	No_custom_HMM	No_custom_HMM	No_custom_HMM	No_PHROGs_HMM	Pyrodigal_3.3.0	CDS	None	hypothetical protein	unknown function	None	None	None	None	None	None	None	None	None	None	None	None	None	None	None	None	None	None	None	1
CBXRCNVH_CDS_0068	70776	71261	+	NC_044954.1	49.1	No_MMseqs	No_MMseqs	No_MMseqs	No_MMseqs	No_MMseqs_PHROG_hit	No_PHROGs_HMM	No_PHROGs_HMM	No_PHROGs_HMM	No_custom_HMM	No_custom_HMM	No_custom_HMM	No_PHROGs_HMM	Pyrodigal_3.3.0	CDS	None	hypothetical protein	unknown function	None	None	None	None	None	None	None	None	None	None	None	None	None	None	None	None	None	None	None	1
CBXRCNVH_CDS_0069	71331	72458	+	NC_044954.1	47.2	No_MMseqs	No_MMseqs	No_MMseqs	No_MMseqs	No_MMseqs_PHROG_hit	No_PHROGs_HMM	No_PHROGs_HMM	No_PHROGs_HMM	No_custom_HMM	No_custom_HMM	No_custom_HMM	No_PHROGs_HMM	Pyrodigal_3.3.0	CDS	None	hypothetical protein	unknown function	None	None	None	None	None	None	None	None	None	None	None	None	None	None	None	None	None	None	None	1
CBXRCNVH_CDS_0070	72536	73687	+	NC_044954.1	103.8	No_MMseqs	No_MMseqs	No_MMseqs	No_MMseqs	No_MMseqs_PHROG_hit	No_PHROGs_HMM	No_PHROGs_HMM	No_PHROGs_HMM	No_custom_HMM	No_custom_HMM	No_custom_HMM	No_PHROGs_HMM	Pyrodigal_3.3.0	CDS	None	hypothetical protein	unknown function	None	None	None	None	None	None	None	None	None	None	None	None	None	None	None	None	None	None	None	1
CBXRCNVH_CDS_0071	77489	73740	-	NC_044954.1	514.3	No_MMseqs	No_MMseqs	No_MMseqs	No_MMseqs	No_MMseqs_PHROG_hit	No_PHROGs_HMM	No_PHROGs_HMM	No_PHROGs_HMM	No_custom_HMM	No_custom_HMM	No_custom_HMM	No_PHROGs_HMM	Pyrodigal_3.3.0	CDS	None	hypothetical protein	unknown function	None	None	None	None	None	None	None	None	None	None	None	None	None	None	None	None	None	None	None	1
CBXRCNVH_CDS_0072	77529	78869	+	NC_044954.1	155.0	No_MMseqs	No_MMseqs	No_MMseqs	No_MMseqs	No_MMseqs_PHROG_hit	No_PHROGs_HMM	No_PHROGs_HMM	No_PHROGs_HMM	No_custom_HMM	No_custom_HMM	No_custom_HMM	No_PHROGs_HMM	Pyrodigal_3.3.0	CDS	None	hypothetical protein	unknown function	None	None	None	None	None	None	None	None	None	None	None	None	None	None	None	None	None	None	None	1
CBXRCNVH_CDS_0073	78944	79333	+	NC_044954.1	41.7	No_MMseqs	No_MMseqs	No_MMseqs	No_MMseqs	No_MMseqs_PHROG_hit	No_PHROGs_HMM	No_PHROGs_HMM	No_PHROGs_HMM	No_custom_HMM	No_custom_HMM	No_custom_HMM	No_PHROGs_HMM	Pyrodigal_3.3.0	CDS	None	hypothetical protein	unknown function	None	None	None	None	None	None	None	None	None	None	None	None	None	None	None	None	None	None	None	1
CBXRCNVH_CDS_0074	79619	79389	-	NC_044954.1	24.4	No_MMseqs	No_MMseqs	No_MMseqs	No_MMseqs	No_MMseqs_PHROG_hit	No_PHROGs_HMM	No_PHROGs_HMM	No_PHROGs_HMM	No_custom_HMM	No_custom_HMM	No_custom_HMM	No_PHROGs_HMM	Pyrodigal_3.3.0	CDS	None	hypothetical protein	unknown function	None	None	None	None	None	None	None	None	None	None	None	None	None	None	None	None	None	None	None	1
CBXRCNVH_CDS_0075	80063	82216	+	NC_044954.1	254.7	No_MMseqs	No_MMseqs	No_MMseqs	No_MMseqs	No_MMseqs_PHROG_hit	No_PHROGs_HMM	No_PHROGs_HMM	No_PHROGs_HMM	No_custom_HMM	No_custom_HMM	No_custom_HMM	No_PHROGs_HMM	Pyrodigal_3.3.0	CDS	None	hypothetical protein	unknown function	None	None	None	None	None	None	None	None	None	None	None	None	None	None	None	None	None	None	None	1
CBXRCNVH_CDS_0076	83779	83006	-	NC_044954.1	86.9	No_MMseqs	No_MMseqs	No_MMseqs	No_MMseqs	No_MMseqs_PHROG_hit	No_PHROGs_HMM	No_PHROGs_HMM	No_PHROGs_HMM	No_custom_HMM	No_custom_HMM	No_custom_HMM	No_PHROGs_HMM	Pyrodigal_3.3.0	CDS	None	hypothetical protein	unknown function	None	None	None	None	None	None	None	None	None	None	None	None	None	None	None	None	None	None	None	1
CBXRCNVH_CDS_0077	85185	83758	-	NC_044954.1	178.6	No_MMseqs	No_MMseqs	No_MMseqs	No_MMseqs	No_MMseqs_PHROG_hit	No_PHROGs_HMM	No_PHROGs_HMM	No_PHROGs_HMM	No_custom_HMM	No_custom_HMM	No_custom_HMM	No_PHROGs_HMM	Pyrodigal_3.3.0	CDS	None	hypothetical protein	unknown function	None	None	None	None	None	None	None	None	None	None	None	None	None	None	None	None	None	None	None	1
CBXRCNVH_CDS_0078	85237	86184	+	NC_044954.1	116.6	No_MMseqs	No_MMseqs	No_MMseqs	No_MMseqs	No_MMseqs_PHROG_hit	No_PHROGs_HMM	No_PHROGs_HMM	No_PHROGs_HMM	No_custom_HMM	No_custom_HMM	No_custom_HMM	No_PHROGs_HMM	Pyrodigal_3.3.0	CDS	None	hypothetical protein	unknown function	None	None	None	None	None	None	None	None	None	None	None	None	None	None	None	None	None	None	None	1
CBXRCNVH_CDS_0079	86675	86220	-	NC_044954.1	58.0	No_MMseqs	No_MMseqs	No_MMseqs	No_MMseqs	No_MMseqs_PHROG_hit	No_PHROGs_HMM	No_PHROGs_HMM	No_PHROGs_HMM	No_custom_HMM	No_custom_HMM	No_custom_HMM	No_PHROGs_HMM	Pyrodigal_3.3.0	CDS	None	hypothetical protein	unknown function	None	None	None	None	None	None	None	None	None	None	None	None	None	None	None	None	None	None	None	1
CBXRCNVH_CDS_0080	86746	87060	+	NC_044954.1	30.6	No_MMseqs	No_MMseqs	No_MMseqs	No_MMseqs	No_MMseqs_PHROG_hit	No_PHROGs_HMM	No_PHROGs_HMM	No_PHROGs_HMM	No_custom_HMM	No_custom_HMM	No_custom_HMM	No_PHROGs_HMM	Pyrodigal_3.3.0	CDS	None	hypothetical protein	unknown function	None	None	None	None	None	None	None	None	None	None	None	None	None	None	None	None	None	None	None	1
CBXRCNVH_CDS_0081	87103	89991	+	NC_044954.1	360.3	No_MMseqs	No_MMseqs	No_MMseqs	No_MMseqs	No_MMseqs_PHROG_hit	1156	134.991669	7.116414563683464e-39	No_custom_HMM	No_custom_HMM	No_custom_HMM	1156	Pyrodigal_3.3.0	CDS	#ffdf59	DNA primase	DNA, RNA and nucleotide metabolism	None	None	None	None	None	None	None	None	None	None	None	None	None	None	None	None	None	None	None	1
CBXRCNVH_CDS_0082	90100	89942	-	NC_044954.1	17.6	No_MMseqs	No_MMseqs	No_MMseqs	No_MMseqs	No_MMseqs_PHROG_hit	No_PHROGs_HMM	No_PHROGs_HMM	No_PHROGs_HMM	No_custom_HMM	No_custom_HMM	No_custom_HMM	No_PHROGs_HMM	Pyrodigal_3.3.0	CDS	None	hypothetical protein	unknown function	None	None	None	None	None	None	None	None	None	None	None	None	None	None	None	None	None	None	None	1
CBXRCNVH_CDS_0083	93026	90135	-	NC_044954.1	340.4	No_MMseqs	No_MMseqs	No_MMseqs	No_MMseqs	No_MMseqs_PHROG_hit	No_PHROGs_HMM	No_PHROGs_HMM	No_PHROGs_HMM	No_custom_HMM	No_custom_HMM	No_custom_HMM	No_PHROGs_HMM	Pyrodigal_3.3.0	CDS	None	hypothetical protein	unknown function	None	None	None	None	None	None	None	None	None	None	None	None	None	None	None	None	None	None	None	1
CBXRCNVH_CDS_0084	93345	92986	-	NC_044954.1	12.9	No_MMseqs	No_MMseqs	No_MMseqs	No_MMseqs	No_MMseqs_PHROG_hit	No_PHROGs_HMM	No_PHROGs_HMM	No_PHROGs_HMM	No_custom_HMM	No_custom_HMM	No_custom_HMM	No_PHROGs_HMM	Pyrodigal_3.3.0	CDS	None	hypothetical protein	unknown function	None	None	None	None	None	None	None	None	None	None	None	None	None	None	None	None	None	None	None	1
CBXRCNVH_CDS_0085	94282	93326	-	NC_044954.1	73.6	No_MMseqs	No_MMseqs	No_MMseqs	No_MMseqs	No_MMseqs_PHROG_hit	No_PHROGs_HMM	No_PHROGs_HMM	No_PHROGs_HMM	No_custom_HMM	No_custom_HMM	No_custom_HMM	No_PHROGs_HMM	Pyrodigal_3.3.0	CDS	None	hypothetical protein	unknown function	None	None	None	None	None	None	None	None	None	None	None	None	None	None	None	None	None	None	None	1
CBXRCNVH_CDS_0086	95562	94249	-	NC_044954.1	106.3	No_MMseqs	No_MMseqs	No_MMseqs	No_MMseqs	No_MMseqs_PHROG_hit	No_PHROGs_HMM	No_PHROGs_HMM	No_PHROGs_HMM	No_custom_HMM	No_custom_HMM	No_custom_HMM	No_PHROGs_HMM	Pyrodigal_3.3.0	CDS	None	hypothetical protein	unknown function	None	None	None	None	None	None	None	None	None	None	None	None	None	None	None	None	None	None	None	1
CBXRCNVH_CDS_0087	96078	95575	-	NC_044954.1	60.7	No_MMseqs	No_MMseqs	No_MMseqs	No_MMseqs	No_MMseqs_PHROG_hit	No_PHROGs_HMM	No_PHROGs_HMM	No_PHROGs_HMM	No_custom_HMM	No_custom_HMM	No_custom_HMM	No_PHROGs_HMM	Pyrodigal_3.3.0	CDS	None	hypothetical protein	unknown function	None	None	None	None	None	None	None	None	None	None	None	None	None	None	None	None	None	None	None	1
CBXRCNVH_CDS_0088	97555	96095	-	NC_044954.1	186.1	No_MMseqs	No_MMseqs	No_MMseqs	No_MMseqs	No_MMseqs_PHROG_hit	No_PHROGs_HMM	No_PHROGs_HMM	No_PHROGs_HMM	No_custom_HMM	No_custom_HMM	No_custom_HMM	No_PHROGs_HMM	Pyrodigal_3.3.0	CDS	None	hypothetical protein	unknown function	None	None	None	None	None	None	None	None	None	None	None	None	None	None	None	None	None	None	None	1
CBXRCNVH_CDS_0089	98797	97733	-	NC_044954.1	121.2	No_MMseqs	No_MMseqs	No_MMseqs	No_MMseqs	No_MMseqs_PHROG_hit	No_PHROGs_HMM	No_PHROGs_HMM	No_PHROGs_HMM	No_custom_HMM	No_custom_HMM	No_custom_HMM	No_PHROGs_HMM	Pyrodigal_3.3.0	CDS	None	hypothetical protein	unknown function	None	None	None	None	None	None	None	None	None	None	None	None	None	None	None	None	None	None	None	1
CBXRCNVH_CDS_0090	100652	98808	-	NC_044954.1	296.6	No_MMseqs	No_MMseqs	No_MMseqs	No_MMseqs	No_MMseqs_PHROG_hit	No_PHROGs_HMM	No_PHROGs_HMM	No_PHROGs_HMM	No_custom_HMM	No_custom_HMM	No_custom_HMM	No_PHROGs_HMM	Pyrodigal_3.3.0	CDS	None	hypothetical protein	unknown function	None	None	None	None	None	None	None	None	None	None	None	None	None	None	None	None	None	None	None	1
CBXRCNVH_CDS_0091	100707	101864	+	NC_044954.1	130.7	No_MMseqs	No_MMseqs	No_MMseqs	No_MMseqs	No_MMseqs_PHROG_hit	No_PHROGs_HMM	No_PHROGs_HMM	No_PHROGs_HMM	No_custom_HMM	No_custom_HMM	No_custom_HMM	No_PHROGs_HMM	Pyrodigal_3.3.0	CDS	None	hypothetical protein	unknown function	None	None	None	None	None	None	None	None	None	None	None	None	None	None	None	None	None	None	None	1
CBXRCNVH_CDS_0092	103897	101957	-	NC_044954.1	190.9	No_MMseqs	No_MMseqs	No_MMseqs	No_MMseqs	No_MMseqs_PHROG_hit	No_PHROGs_HMM	No_PHROGs_HMM	No_PHROGs_HMM	No_custom_HMM	No_custom_HMM	No_custom_HMM	No_PHROGs_HMM	Pyrodigal_3.3.0	CDS	None	hypothetical protein	unknown function	None	None	None	None	None	None	None	None	None	None	None	None	None	None	None	None	None	None	None	1
CBXRCNVH_CDS_0093	103937	104314	+	NC_044954.1	53.8	No_MMseqs	No_MMseqs	No_MMseqs	No_MMseqs	No_MMseqs_PHROG_hit	No_PHROGs_HMM	No_PHROGs_HMM	No_PHROGs_HMM	No_custom_HMM	No_custom_HMM	No_custom_HMM	No_PHROGs_HMM	Pyrodigal_3.3.0	CDS	None	hypothetical protein	unknown function	None	None	None	None	None	None	None	None	None	None	None	None	None	None	None	None	None	None	None	1
CBXRCNVH_CDS_0094	104649	104287	-	NC_044954.1	33.4	No_MMseqs	No_MMseqs	No_MMseqs	No_MMseqs	No_MMseqs_PHROG_hit	No_PHROGs_HMM	No_PHROGs_HMM	No_PHROGs_HMM	No_custom_HMM	No_custom_HMM	No_custom_HMM	No_PHROGs_HMM	Pyrodigal_3.3.0	CDS	None	hypothetical protein	unknown function	None	None	None	None	None	None	None	None	None	None	None	None	None	None	None	None	None	None	None	1
CBXRCNVH_CDS_0095	105921	104656	-	NC_044954.1	145.7	No_MMseqs	No_MMseqs	No_MMseqs	No_MMseqs	No_MMseqs_PHROG_hit	No_PHROGs_HMM	No_PHROGs_HMM	No_PHROGs_HMM	No_custom_HMM	No_custom_HMM	No_custom_HMM	No_PHROGs_HMM	Pyrodigal_3.3.0	CDS	None	hypothetical protein	unknown function	None	None	None	None	None	None	None	None	None	None	None	None	None	None	None	None	None	None	None	1
CBXRCNVH_CDS_0096	106477	105950	-	NC_044954.1	48.0	No_MMseqs	No_MMseqs	No_MMseqs	No_MMseqs	No_MMseqs_PHROG_hit	No_PHROGs_HMM	No_PHROGs_HMM	No_PHROGs_HMM	No_custom_HMM	No_custom_HMM	No_custom_HMM	No_PHROGs_HMM	Pyrodigal_3.3.0	CDS	None	hypothetical protein	unknown function	None	None	None	None	None	None	None	None	None	None	None	None	None	None	None	None	None	None	None	1
CBXRCNVH_CDS_0097	106524	107315	+	NC_044954.1	68.8	No_MMseqs	No_MMseqs	No_MMseqs	No_MMseqs	No_MMseqs_PHROG_hit	No_PHROGs_HMM	No_PHROGs_HMM	No_PHROGs_HMM	No_custom_HMM	No_custom_HMM	No_custom_HMM	No_PHROGs_HMM	Pyrodigal_3.3.0	CDS	None	hypothetical protein	unknown function	None	None	None	None	None	None	None	None	None	None	None	None	None	None	None	None	None	None	None	1
CBXRCNVH_CDS_0098	107512	107312	-	NC_044954.1	1.4	No_MMseqs	No_MMseqs	No_MMseqs	No_MMseqs	No_MMseqs_PHROG_hit	No_PHROGs_HMM	No_PHROGs_HMM	No_PHROGs_HMM	No_custom_HMM	No_custom_HMM	No_custom_HMM	No_PHROGs_HMM	Pyrodigal_3.3.0	CDS	None	hypothetical protein	unknown function	None	None	None	None	None	None	None	None	None	None	None	None	None	None	None	None	None	None	None	1
CBXRCNVH_CDS_0099	111540	107518	-	NC_044954.1	515.2	No_MMseqs	No_MMseqs	No_MMseqs	No_MMseqs	No_MMseqs_PHROG_hit	No_PHROGs_HMM	No_PHROGs_HMM	No_PHROGs_HMM	No_custom_HMM	No_custom_HMM	No_custom_HMM	No_PHROGs_HMM	Pyrodigal_3.3.0	CDS	None	hypothetical protein	unknown function	None	None	None	None	None	None	None	None	None	None	None	None	None	None	None	None	None	None	None	1
CBXRCNVH_CDS_0100	111647	115267	+	NC_044954.1	426.1	No_MMseqs	No_MMseqs	No_MMseqs	No_MMseqs	No_MMseqs_PHROG_hit	262	196.031113	1.8309531976565515e-57	No_custom_HMM	No_custom_HMM	No_custom_HMM	262	Pyrodigal_3.3.0	CDS	#ffdf59	DNA polymerase	DNA, RNA and nucleotide metabolism	None	None	None	None	None	None	None	None	None	None	None	None	None	None	None	None	None	None	None	1
CBXRCNVH_CDS_0101	115635	115264	-	NC_044954.1	45.6	No_MMseqs	No_MMseqs	No_MMseqs	No_MMseqs	No_MMseqs_PHROG_hit	No_PHROGs_HMM	No_PHROGs_HMM	No_PHROGs_HMM	No_custom_HMM	No_custom_HMM	No_custom_HMM	No_PHROGs_HMM	Pyrodigal_3.3.0	CDS	None	hypothetical protein	unknown function	None	None	None	None	None	None	None	None	None	None	None	None	None	None	None	None	None	None	None	1
CBXRCNVH_CDS_0102	123165	115738	-	NC_044954.1	960.8	No_MMseqs	No_MMseqs	No_MMseqs	No_MMseqs	No_MMseqs_PHROG_hit	No_PHROGs_HMM	No_PHROGs_HMM	No_PHROGs_HMM	No_custom_HMM	No_custom_HMM	No_custom_HMM	No_PHROGs_HMM	Pyrodigal_3.3.0	CDS	None	hypothetical protein	unknown function	None	None	None	None	None	None	None	None	None	None	None	None	None	None	None	None	None	None	None	1
CBXRCNVH_CDS_0103	123839	123267	-	NC_044954.1	78.2	No_MMseqs	No_MMseqs	No_MMseqs	No_MMseqs	No_MMseqs_PHROG_hit	No_PHROGs_HMM	No_PHROGs_HMM	No_PHROGs_HMM	No_custom_HMM	No_custom_HMM	No_custom_HMM	No_PHROGs_HMM	Pyrodigal_3.3.0	CDS	None	hypothetical protein	unknown function	None	None	None	None	None	None	None	None	None	None	None	None	None	None	None	None	None	None	None	1
CBXRCNVH_CDS_0104	123900	125492	+	NC_044954.1	206.2	No_MMseqs	No_MMseqs	No_MMseqs	No_MMseqs	No_MMseqs_PHROG_hit	No_PHROGs_HMM	No_PHROGs_HMM	No_PHROGs_HMM	No_custom_HMM	No_custom_HMM	No_custom_HMM	No_PHROGs_HMM	Pyrodigal_3.3.0	CDS	None	hypothetical protein	unknown function	None	None	None	None	None	None	None	None	None	None	None	None	None	None	None	None	None	None	None	1
CBXRCNVH_CDS_0105	125495	125737	+	NC_044954.1	9.4	No_MMseqs	No_MMseqs	No_MMseqs	No_MMseqs	No_MMseqs_PHROG_hit	No_PHROGs_HMM	No_PHROGs_HMM	No_PHROGs_HMM	No_custom_HMM	No_custom_HMM	No_custom_HMM	No_PHROGs_HMM	Pyrodigal_3.3.0	CDS	None	hypothetical protein	unknown function	None	None	None	None	None	None	None	None	None	None	None	None	None	None	None	None	None	None	None	1
CBXRCNVH_CDS_0106	125777	126715	+	NC_044954.1	107.0	No_MMseqs	No_MMseqs	No_MMseqs	No_MMseqs	No_MMseqs_PHROG_hit	No_PHROGs_HMM	No_PHROGs_HMM	No_PHROGs_HMM	No_custom_HMM	No_custom_HMM	No_custom_HMM	No_PHROGs_HMM	Pyrodigal_3.3.0	CDS	None	hypothetical protein	unknown function	None	None	None	None	None	None	None	None	None	None	None	None	None	None	None	None	None	None	None	1
CBXRCNVH_CDS_0107	127260	126736	-	NC_044954.1	65.9	No_MMseqs	No_MMseqs	No_MMseqs	No_MMseqs	No_MMseqs_PHROG_hit	No_PHROGs_HMM	No_PHROGs_HMM	No_PHROGs_HMM	No_custom_HMM	No_custom_HMM	No_custom_HMM	No_PHROGs_HMM	Pyrodigal_3.3.0	CDS	None	hypothetical protein	unknown function	None	None	None	None	None	None	None	None	None	None	None	None	None	None	None	None	None	None	None	1
CBXRCNVH_CDS_0108	127310	127498	+	NC_044954.1	26.0	No_MMseqs	No_MMseqs	No_MMseqs	No_MMseqs	No_MMseqs_PHROG_hit	No_PHROGs_HMM	No_PHROGs_HMM	No_PHROGs_HMM	No_custom_HMM	No_custom_HMM	No_custom_HMM	No_PHROGs_HMM	Pyrodigal_3.3.0	CDS	None	hypothetical protein	unknown function	None	None	None	None	None	None	None	None	None	None	None	None	None	None	None	None	None	None	None	1
CBXRCNVH_CDS_0109	131939	127587	-	NC_044954.1	532.0	No_MMseqs	No_MMseqs	No_MMseqs	No_MMseqs	No_MMseqs_PHROG_hit	25354	105.756363	2.9263969650009682e-30	No_custom_HMM	No_custom_HMM	No_custom_HMM	25354	Pyrodigal_3.3.0	CDS	#c9c9c9	hypothetical protein	unknown function	None	None	None	None	None	None	None	None	None	None	None	None	None	None	None	None	None	None	None	1
CBXRCNVH_CDS_0110	133290	132031	-	NC_044954.1	146.5	No_MMseqs	No_MMseqs	No_MMseqs	No_MMseqs	No_MMseqs_PHROG_hit	114	178.931274	3.249865393630818e-52	No_custom_HMM	No_custom_HMM	No_custom_HMM	114	Pyrodigal_3.3.0	CDS	#ffdf59	ATP-dependent DNA ligase	DNA, RNA and nucleotide metabolism	None	None	None	None	None	None	None	None	None	None	None	None	None	None	None	None	None	None	None	1
CBXRCNVH_CDS_0111	133356	135962	+	NC_044954.1	304.9	No_MMseqs	No_MMseqs	No_MMseqs	No_MMseqs	No_MMseqs_PHROG_hit	No_PHROGs_HMM	No_PHROGs_HMM	No_PHROGs_HMM	No_custom_HMM	No_custom_HMM	No_custom_HMM	No_PHROGs_HMM	Pyrodigal_3.3.0	CDS	None	hypothetical protein	unknown function	None	None	None	None	None	None	None	None	None	None	None	None	None	None	None	None	None	None	None	1
CBXRCNVH_CDS_0112	136030	136770	+	NC_044954.1	77.4	No_MMseqs	No_MMseqs	No_MMseqs	No_MMseqs	No_MMseqs_PHROG_hit	1185	44.216751	3.193749446786417e-11	No_custom_HMM	No_custom_HMM	No_custom_HMM	1185	Pyrodigal_3.3.0	CDS	#838383	nudix hydrolase	other	None	None	None	None	None	None	None	None	None	None	None	None	None	None	None	None	None	None	None	1
CBXRCNVH_CDS_0113	137404	136952	-	NC_044954.1	81.6	No_MMseqs	No_MMseqs	No_MMseqs	No_MMseqs	No_MMseqs_PHROG_hit	No_PHROGs_HMM	No_PHROGs_HMM	No_PHROGs_HMM	No_custom_HMM	No_custom_HMM	No_custom_HMM	No_PHROGs_HMM	Pyrodigal_3.3.0	CDS	None	hypothetical protein	unknown function	None	None	None	None	None	None	None	None	None	None	None	None	None	None	None	None	None	None	None	1
CBXRCNVH_CDS_0114	137752	137513	-	NC_044954.1	28.1	No_MMseqs	No_MMseqs	No_MMseqs	No_MMseqs	No_MMseqs_PHROG_hit	No_PHROGs_HMM	No_PHROGs_HMM	No_PHROGs_HMM	No_custom_HMM	No_custom_HMM	No_custom_HMM	No_PHROGs_HMM	Pyrodigal_3.3.0	CDS	None	hypothetical protein	unknown function	None	None	None	None	None	None	None	None	None	None	None	None	None	None	None	None	None	None	None	1
CBXRCNVH_CDS_0115	138951	137944	-	NC_044954.1	101.5	No_MMseqs	No_MMseqs	No_MMseqs	No_MMseqs	No_MMseqs_PHROG_hit	No_PHROGs_HMM	No_PHROGs_HMM	No_PHROGs_HMM	No_custom_HMM	No_custom_HMM	No_custom_HMM	No_PHROGs_HMM	Pyrodigal_3.3.0	CDS	None	hypothetical protein	unknown function	None	None	None	None	None	None	None	None	None	None	None	None	None	None	None	None	None	None	None	1
CBXRCNVH_CDS_0116	142383	139087	-	NC_044954.1	353.9	No_MMseqs	No_MMseqs	No_MMseqs	No_MMseqs	No_MMseqs_PHROG_hit	16	35.245419	7.968671573604466e-09	No_custom_HMM	No_custom_HMM	No_custom_HMM	16	Pyrodigal_3.3.0	CDS	#ffdf59	DNA helicase	DNA, RNA and nucleotide metabolism	None	None	None	None	None	None	None	None	None	None	None	None	None	None	None	None	None	None	None	1
CBXRCNVH_CDS_0117	143075	142722	-	NC_044954.1	19.3	No_MMseqs	No_MMseqs	No_MMseqs	No_MMseqs	No_MMseqs_PHROG_hit	No_PHROGs_HMM	No_PHROGs_HMM	No_PHROGs_HMM	No_custom_HMM	No_custom_HMM	No_custom_HMM	No_PHROGs_HMM	Pyrodigal_3.3.0	CDS	None	hypothetical protein	unknown function	None	None	None	None	None	None	None	None	None	None	None	None	None	None	None	None	None	None	None	1
CBXRCNVH_CDS_0118	143132	143749	+	NC_044954.1	89.4	No_MMseqs	No_MMseqs	No_MMseqs	No_MMseqs	No_MMseqs_PHROG_hit	No_PHROGs_HMM	No_PHROGs_HMM	No_PHROGs_HMM	No_custom_HMM	No_custom_HMM	No_custom_HMM	No_PHROGs_HMM	Pyrodigal_3.3.0	CDS	None	hypothetical protein	unknown function	None	None	None	None	None	None	None	None	None	None	None	None	None	None	None	None	None	None	None	1
CBXRCNVH_CDS_0119	144939	143902	-	NC_044954.1	111.1	No_MMseqs	No_MMseqs	No_MMseqs	No_MMseqs	No_MMseqs_PHROG_hit	434	63.186619	4.8929399505053037e-17	No_custom_HMM	No_custom_HMM	No_custom_HMM	434	Pyrodigal_3.3.0	CDS	#ffdf59	RecE-like recombination exonuclease	DNA, RNA and nucleotide metabolism	None	None	None	None	None	None	None	None	None	None	None	None	None	None	None	None	None	None	None	1
CBXRCNVH_CDS_0120	145490	144939	-	NC_044954.1	52.6	No_MMseqs	No_MMseqs	No_MMseqs	No_MMseqs	No_MMseqs_PHROG_hit	No_PHROGs_HMM	No_PHROGs_HMM	No_PHROGs_HMM	No_custom_HMM	No_custom_HMM	No_custom_HMM	No_PHROGs_HMM	Pyrodigal_3.3.0	CDS	None	hypothetical protein	unknown function	None	None	None	None	None	None	None	None	None	None	None	None	None	None	None	None	None	None	None	1
CBXRCNVH_CDS_0121	145547	146368	+	NC_044954.1	72.1	No_MMseqs	No_MMseqs	No_MMseqs	No_MMseqs	No_MMseqs_PHROG_hit	No_PHROGs_HMM	No_PHROGs_HMM	No_PHROGs_HMM	No_custom_HMM	No_custom_HMM	No_custom_HMM	No_PHROGs_HMM	Pyrodigal_3.3.0	CDS	None	hypothetical protein	unknown function	None	None	None	None	None	None	None	None	None	None	None	None	None	None	None	None	None	None	None	1
CBXRCNVH_CDS_0122	146403	149981	+	NC_044954.1	447.8	No_MMseqs	No_MMseqs	No_MMseqs	No_MMseqs	No_MMseqs_PHROG_hit	543	256.984772	6.315887616396994e-76	No_custom_HMM	No_custom_HMM	No_custom_HMM	543	Pyrodigal_3.3.0	CDS	#ffdf59	DNA topoisomerase II large subunit	DNA, RNA and nucleotide metabolism	None	None	None	None	None	None	None	None	None	None	None	None	None	None	None	None	None	None	None	1
CBXRCNVH_CDS_0123	151095	150016	-	NC_044954.1	157.7	No_MMseqs	No_MMseqs	No_MMseqs	No_MMseqs	No_MMseqs_PHROG_hit	No_PHROGs_HMM	No_PHROGs_HMM	No_PHROGs_HMM	No_custom_HMM	No_custom_HMM	No_custom_HMM	No_PHROGs_HMM	Pyrodigal_3.3.0	CDS	None	hypothetical protein	unknown function	None	None	None	None	None	None	None	None	None	None	None	None	None	None	None	None	None	None	None	1
CBXRCNVH_CDS_0124	151130	151657	+	NC_044954.1	70.5	No_MMseqs	No_MMseqs	No_MMseqs	No_MMseqs	No_MMseqs_PHROG_hit	No_PHROGs_HMM	No_PHROGs_HMM	No_PHROGs_HMM	No_custom_HMM	No_custom_HMM	No_custom_HMM	No_PHROGs_HMM	Pyrodigal_3.3.0	CDS	None	hypothetical protein	unknown function	None	None	None	None	None	None	None	None	None	None	None	None	None	None	None	None	None	None	None	1
CBXRCNVH_CDS_0125	151689	152063	+	NC_044954.1	25.4	No_MMseqs	No_MMseqs	No_MMseqs	No_MMseqs	No_MMseqs_PHROG_hit	No_PHROGs_HMM	No_PHROGs_HMM	No_PHROGs_HMM	No_custom_HMM	No_custom_HMM	No_custom_HMM	No_PHROGs_HMM	Pyrodigal_3.3.0	CDS	None	hypothetical protein	unknown function	None	None	None	None	None	None	None	None	None	None	None	None	None	None	None	None	None	None	None	1
CBXRCNVH_CDS_0126	152086	153105	+	NC_044954.1	132.8	No_MMseqs	No_MMseqs	No_MMseqs	No_MMseqs	No_MMseqs_PHROG_hit	No_PHROGs_HMM	No_PHROGs_HMM	No_PHROGs_HMM	No_custom_HMM	No_custom_HMM	No_custom_HMM	No_PHROGs_HMM	Pyrodigal_3.3.0	CDS	None	hypothetical protein	unknown function	None	None	None	None	None	None	None	None	None	None	None	None	None	None	None	None	None	None	None	1
CBXRCNVH_CDS_0127	153117	153452	+	NC_044954.1	48.2	No_MMseqs	No_MMseqs	No_MMseqs	No_MMseqs	No_MMseqs_PHROG_hit	No_PHROGs_HMM	No_PHROGs_HMM	No_PHROGs_HMM	No_custom_HMM	No_custom_HMM	No_custom_HMM	No_PHROGs_HMM	Pyrodigal_3.3.0	CDS	None	hypothetical protein	unknown function	None	None	None	None	None	None	None	None	None	None	None	None	None	None	None	None	None	None	None	1
CBXRCNVH_CDS_0128	153412	154113	+	NC_044954.1	57.9	No_MMseqs	No_MMseqs	No_MMseqs	No_MMseqs	No_MMseqs_PHROG_hit	No_PHROGs_HMM	No_PHROGs_HMM	No_PHROGs_HMM	No_custom_HMM	No_custom_HMM	No_custom_HMM	No_PHROGs_HMM	Pyrodigal_3.3.0	CDS	None	hypothetical protein	unknown function	None	None	None	None	None	None	None	None	None	None	None	None	None	None	None	None	None	None	None	1
CBXRCNVH_CDS_0129	154267	154992	+	NC_044954.1	39.6	No_MMseqs	No_MMseqs	No_MMseqs	No_MMseqs	No_MMseqs_PHROG_hit	No_PHROGs_HMM	No_PHROGs_HMM	No_PHROGs_HMM	No_custom_HMM	No_custom_HMM	No_custom_HMM	No_PHROGs_HMM	Pyrodigal_3.3.0	CDS	None	hypothetical protein	unknown function	None	None	None	None	None	None	None	None	None	None	None	None	None	None	None	None	None	None	None	1
CBXRCNVH_CDS_0130	155884	154985	-	NC_044954.1	110.7	No_MMseqs	No_MMseqs	No_MMseqs	No_MMseqs	No_MMseqs_PHROG_hit	2361	54.829582	1.4609997216489024e-14	No_custom_HMM	No_custom_HMM	No_custom_HMM	2361	Pyrodigal_3.3.0	CDS	#838383	serine-threonine kinase	other	None	None	None	None	None	None	None	None	None	None	None	None	None	None	None	None	None	None	None	1
CBXRCNVH_CDS_0131	157979	155859	-	NC_044954.1	251.6	No_MMseqs	No_MMseqs	No_MMseqs	No_MMseqs	No_MMseqs_PHROG_hit	62	96.756844	1.3270776577445556e-27	No_custom_HMM	No_custom_HMM	No_custom_HMM	62	Pyrodigal_3.3.0	CDS	#ffdf59	DNA helicase	DNA, RNA and nucleotide metabolism	None	None	None	None	None	None	None	None	None	None	None	None	None	None	None	None	None	None	None	1
CBXRCNVH_CDS_0132	159466	157937	-	NC_044954.1	133.7	No_MMseqs	No_MMseqs	No_MMseqs	No_MMseqs	No_MMseqs_PHROG_hit	16	107.437874	1.2352692681846817e-30	No_custom_HMM	No_custom_HMM	No_custom_HMM	16	Pyrodigal_3.3.0	CDS	#ffdf59	DNA helicase	DNA, RNA and nucleotide metabolism	None	None	None	None	None	None	None	None	None	None	None	None	None	None	None	None	None	None	None	1
CBXRCNVH_CDS_0133	159582	160586	+	NC_044954.1	36.9	No_MMseqs	No_MMseqs	No_MMseqs	No_MMseqs	No_MMseqs_PHROG_hit	12787	54.509392	2.0047370555625432e-14	No_custom_HMM	No_custom_HMM	No_custom_HMM	12787	Pyrodigal_3.3.0	CDS	#c9c9c9	hypothetical protein	unknown function	None	None	None	None	None	None	None	None	None	None	None	None	None	None	None	None	None	None	None	1
CBXRCNVH_CDS_0134	161088	160534	-	NC_044954.1	72.3	No_MMseqs	No_MMseqs	No_MMseqs	No_MMseqs	No_MMseqs_PHROG_hit	No_PHROGs_HMM	No_PHROGs_HMM	No_PHROGs_HMM	No_custom_HMM	No_custom_HMM	No_custom_HMM	No_PHROGs_HMM	Pyrodigal_3.3.0	CDS	None	hypothetical protein	unknown function	None	None	None	None	None	None	None	None	None	None	None	None	None	None	None	None	None	None	None	1
CBXRCNVH_CDS_0135	161662	161132	-	NC_044954.1	32.7	No_MMseqs	No_MMseqs	No_MMseqs	No_MMseqs	No_MMseqs_PHROG_hit	No_PHROGs_HMM	No_PHROGs_HMM	No_PHROGs_HMM	No_custom_HMM	No_custom_HMM	No_custom_HMM	No_PHROGs_HMM	Pyrodigal_3.3.0	CDS	None	hypothetical protein	unknown function	None	None	None	None	None	None	None	None	None	None	None	None	None	None	None	None	None	None	None	1
CBXRCNVH_CDS_0136	161693	162964	+	NC_044954.1	154.7	No_MMseqs	No_MMseqs	No_MMseqs	No_MMseqs	No_MMseqs_PHROG_hit	No_PHROGs_HMM	No_PHROGs_HMM	No_PHROGs_HMM	No_custom_HMM	No_custom_HMM	No_custom_HMM	No_PHROGs_HMM	Pyrodigal_3.3.0	CDS	None	hypothetical protein	unknown function	None	None	None	None	None	None	None	None	None	None	None	None	None	None	None	None	None	None	None	1
CBXRCNVH_CDS_0137	163109	164014	+	NC_044954.1	111.6	No_MMseqs	No_MMseqs	No_MMseqs	No_MMseqs	No_MMseqs_PHROG_hit	No_PHROGs_HMM	No_PHROGs_HMM	No_PHROGs_HMM	No_custom_HMM	No_custom_HMM	No_custom_HMM	No_PHROGs_HMM	Pyrodigal_3.3.0	CDS	None	hypothetical protein	unknown function	None	None	None	None	None	None	None	None	None	None	None	None	None	None	None	None	None	None	None	1
CBXRCNVH_CDS_0138	164495	164055	-	NC_044954.1	38.2	No_MMseqs	No_MMseqs	No_MMseqs	No_MMseqs	No_MMseqs_PHROG_hit	No_PHROGs_HMM	No_PHROGs_HMM	No_PHROGs_HMM	No_custom_HMM	No_custom_HMM	No_custom_HMM	No_PHROGs_HMM	Pyrodigal_3.3.0	CDS	None	hypothetical protein	unknown function	None	None	None	None	None	None	None	None	None	None	None	None	None	None	None	None	None	None	None	1
CBXRCNVH_CDS_0139	165617	165018	-	NC_044954.1	51.7	No_MMseqs	No_MMseqs	No_MMseqs	No_MMseqs	No_MMseqs_PHROG_hit	No_PHROGs_HMM	No_PHROGs_HMM	No_PHROGs_HMM	No_custom_HMM	No_custom_HMM	No_custom_HMM	No_PHROGs_HMM	Pyrodigal_3.3.0	CDS	None	hypothetical protein	unknown function	None	None	None	None	None	None	None	None	None	None	None	None	None	None	None	None	None	None	None	1
CBXRCNVH_CDS_0140	165645	166133	+	NC_044954.1	53.5	No_MMseqs	No_MMseqs	No_MMseqs	No_MMseqs	No_MMseqs_PHROG_hit	135	62.873394	8.005130515591418e-17	No_custom_HMM	No_custom_HMM	No_custom_HMM	135	Pyrodigal_3.3.0	CDS	#ffdf59	dUTPase	DNA, RNA and nucleotide metabolism	None	None	None	None	None	None	None	None	None	None	None	None	None	None	None	None	None	None	None	1
CBXRCNVH_CDS_0141	166164	166874	+	NC_044954.1	63.7	No_MMseqs	No_MMseqs	No_MMseqs	No_MMseqs	No_MMseqs_PHROG_hit	No_PHROGs_HMM	No_PHROGs_HMM	No_PHROGs_HMM	No_custom_HMM	No_custom_HMM	No_custom_HMM	No_PHROGs_HMM	Pyrodigal_3.3.0	CDS	None	hypothetical protein	unknown function	None	None	None	None	None	None	None	None	None	None	None	None	None	None	None	None	None	None	None	1
CBXRCNVH_CDS_0142	166948	167316	+	NC_044954.1	34.9	No_MMseqs	No_MMseqs	No_MMseqs	No_MMseqs	No_MMseqs_PHROG_hit	No_PHROGs_HMM	No_PHROGs_HMM	No_PHROGs_HMM	No_custom_HMM	No_custom_HMM	No_custom_HMM	No_PHROGs_HMM	Pyrodigal_3.3.0	CDS	None	hypothetical protein	unknown function	None	None	None	None	None	None	None	None	None	None	None	None	None	None	None	None	None	None	None	1
CBXRCNVH_CDS_0143	167345	168235	+	NC_044954.1	52.4	No_MMseqs	No_MMseqs	No_MMseqs	No_MMseqs	No_MMseqs_PHROG_hit	No_PHROGs_HMM	No_PHROGs_HMM	No_PHROGs_HMM	No_custom_HMM	No_custom_HMM	No_custom_HMM	No_PHROGs_HMM	Pyrodigal_3.3.0	CDS	None	hypothetical protein	unknown function	None	None	None	None	None	None	None	None	None	None	None	None	None	None	None	None	None	None	None	1
CBXRCNVH_CDS_0144	168238	168573	+	NC_044954.1	38.3	No_MMseqs	No_MMseqs	No_MMseqs	No_MMseqs	No_MMseqs_PHROG_hit	No_PHROGs_HMM	No_PHROGs_HMM	No_PHROGs_HMM	No_custom_HMM	No_custom_HMM	No_custom_HMM	No_PHROGs_HMM	Pyrodigal_3.3.0	CDS	None	hypothetical protein	unknown function	None	None	None	None	None	None	None	None	None	None	None	None	None	None	None	None	None	None	None	1
CBXRCNVH_CDS_0145	169690	168887	-	NC_044954.1	49.3	No_MMseqs	No_MMseqs	No_MMseqs	No_MMseqs	No_MMseqs_PHROG_hit	No_PHROGs_HMM	No_PHROGs_HMM	No_PHROGs_HMM	No_custom_HMM	No_custom_HMM	No_custom_HMM	No_PHROGs_HMM	Pyrodigal_3.3.0	CDS	None	hypothetical protein	unknown function	None	None	None	None	None	None	None	None	None	None	None	None	None	None	None	None	None	None	None	1
CBXRCNVH_CDS_0146	169842	170522	+	NC_044954.1	83.6	No_MMseqs	No_MMseqs	No_MMseqs	No_MMseqs	No_MMseqs_PHROG_hit	No_PHROGs_HMM	No_PHROGs_HMM	No_PHROGs_HMM	No_custom_HMM	No_custom_HMM	No_custom_HMM	No_PHROGs_HMM	Pyrodigal_3.3.0	CDS	None	hypothetical protein	unknown function	None	None	None	None	None	None	None	None	None	None	None	None	None	None	None	None	None	None	None	1
CBXRCNVH_CDS_0147	171244	170519	-	NC_044954.1	94.8	No_MMseqs	No_MMseqs	No_MMseqs	No_MMseqs	No_MMseqs_PHROG_hit	No_PHROGs_HMM	No_PHROGs_HMM	No_PHROGs_HMM	No_custom_HMM	No_custom_HMM	No_custom_HMM	No_PHROGs_HMM	Pyrodigal_3.3.0	CDS	None	hypothetical protein	unknown function	None	None	None	None	None	None	None	None	None	None	None	None	None	None	None	None	None	None	None	1
CBXRCNVH_CDS_0148	172990	172001	-	NC_044954.1	43.1	No_MMseqs	No_MMseqs	No_MMseqs	No_MMseqs	No_MMseqs_PHROG_hit	No_PHROGs_HMM	No_PHROGs_HMM	No_PHROGs_HMM	No_custom_HMM	No_custom_HMM	No_custom_HMM	No_PHROGs_HMM	Pyrodigal_3.3.0	CDS	None	hypothetical protein	unknown function	None	None	None	None	None	None	None	None	None	None	None	None	None	None	None	None	None	None	None	1
CBXRCNVH_CDS_0149	174090	173449	-	NC_044954.1	70.4	No_MMseqs	No_MMseqs	No_MMseqs	No_MMseqs	No_MMseqs_PHROG_hit	No_PHROGs_HMM	No_PHROGs_HMM	No_PHROGs_HMM	No_custom_HMM	No_custom_HMM	No_custom_HMM	No_PHROGs_HMM	Pyrodigal_3.3.0	CDS	None	hypothetical protein	unknown function	None	None	None	None	None	None	None	None	None	None	None	None	None	None	None	None	None	None	None	1
CBXRCNVH_CDS_0150	174730	174245	-	NC_044954.1	48.9	No_MMseqs	No_MMseqs	No_MMseqs	No_MMseqs	No_MMseqs_PHROG_hit	No_PHROGs_HMM	No_PHROGs_HMM	No_PHROGs_HMM	No_custom_HMM	No_custom_HMM	No_custom_HMM	No_PHROGs_HMM	Pyrodigal_3.3.0	CDS	None	hypothetical protein	unknown function	None	None	None	None	None	None	None	None	None	None	None	None	None	None	None	None	None	None	None	1
CBXRCNVH_CDS_0151	175388	174723	-	NC_044954.1	33.2	No_MMseqs	No_MMseqs	No_MMseqs	No_MMseqs	No_MMseqs_PHROG_hit	No_PHROGs_HMM	No_PHROGs_HMM	No_PHROGs_HMM	No_custom_HMM	No_custom_HMM	No_custom_HMM	No_PHROGs_HMM	Pyrodigal_3.3.0	CDS	None	hypothetical protein	unknown function	None	None	None	None	None	None	None	None	None	None	None	None	None	None	None	None	None	None	None	1
CBXRCNVH_CDS_0152	176298	175549	-	NC_044954.1	62.8	No_MMseqs	No_MMseqs	No_MMseqs	No_MMseqs	No_MMseqs_PHROG_hit	No_PHROGs_HMM	No_PHROGs_HMM	No_PHROGs_HMM	No_custom_HMM	No_custom_HMM	No_custom_HMM	No_PHROGs_HMM	Pyrodigal_3.3.0	CDS	None	hypothetical protein	unknown function	None	None	None	None	None	None	None	None	None	None	None	None	None	None	None	None	None	None	None	1
CBXRCNVH_CDS_0153	176471	177529	+	NC_044954.1	81.5	No_MMseqs	No_MMseqs	No_MMseqs	No_MMseqs	No_MMseqs_PHROG_hit	No_PHROGs_HMM	No_PHROGs_HMM	No_PHROGs_HMM	No_custom_HMM	No_custom_HMM	No_custom_HMM	No_PHROGs_HMM	Pyrodigal_3.3.0	CDS	None	hypothetical protein	unknown function	None	None	None	None	None	None	None	None	None	None	None	None	None	None	None	None	None	None	None	1
CBXRCNVH_CDS_0154	179239	177611	-	NC_044954.1	151.6	No_MMseqs	No_MMseqs	No_MMseqs	No_MMseqs	No_MMseqs_PHROG_hit	No_PHROGs_HMM	No_PHROGs_HMM	No_PHROGs_HMM	No_custom_HMM	No_custom_HMM	No_custom_HMM	No_PHROGs_HMM	Pyrodigal_3.3.0	CDS	None	hypothetical protein	unknown function	None	None	None	None	None	None	None	None	None	None	None	None	None	None	None	None	None	None	None	1
CBXRCNVH_CDS_0155	179786	179361	-	NC_044954.1	30.1	No_MMseqs	No_MMseqs	No_MMseqs	No_MMseqs	No_MMseqs_PHROG_hit	No_PHROGs_HMM	No_PHROGs_HMM	No_PHROGs_HMM	No_custom_HMM	No_custom_HMM	No_custom_HMM	No_PHROGs_HMM	Pyrodigal_3.3.0	CDS	None	hypothetical protein	unknown function	None	None	None	None	None	None	None	None	None	None	None	None	None	None	None	None	None	None	None	1
CBXRCNVH_CDS_0156	180468	180025	-	NC_044954.1	60.7	No_MMseqs	No_MMseqs	No_MMseqs	No_MMseqs	No_MMseqs_PHROG_hit	No_PHROGs_HMM	No_PHROGs_HMM	No_PHROGs_HMM	No_custom_HMM	No_custom_HMM	No_custom_HMM	No_PHROGs_HMM	Pyrodigal_3.3.0	CDS	None	hypothetical protein	unknown function	None	None	None	None	None	None	None	None	None	None	None	None	None	None	None	None	None	None	None	1
CBXRCNVH_CDS_0157	180889	180581	-	NC_044954.1	41.6	No_MMseqs	No_MMseqs	No_MMseqs	No_MMseqs	No_MMseqs_PHROG_hit	No_PHROGs_HMM	No_PHROGs_HMM	No_PHROGs_HMM	No_custom_HMM	No_custom_HMM	No_custom_HMM	No_PHROGs_HMM	Pyrodigal_3.3.0	CDS	None	hypothetical protein	unknown function	None	None	None	None	None	None	None	None	None	None	None	None	None	None	None	None	None	None	None	1
CBXRCNVH_CDS_0158	181417	181106	-	NC_044954.1	17.4	No_MMseqs	No_MMseqs	No_MMseqs	No_MMseqs	No_MMseqs_PHROG_hit	No_PHROGs_HMM	No_PHROGs_HMM	No_PHROGs_HMM	No_custom_HMM	No_custom_HMM	No_custom_HMM	No_PHROGs_HMM	Pyrodigal_3.3.0	CDS	None	hypothetical protein	unknown function	None	None	None	None	None	None	None	None	None	None	None	None	None	None	None	None	None	None	None	1
CBXRCNVH_CDS_0159	181644	181940	+	NC_044954.1	30.3	No_MMseqs	No_MMseqs	No_MMseqs	No_MMseqs	No_MMseqs_PHROG_hit	No_PHROGs_HMM	No_PHROGs_HMM	No_PHROGs_HMM	No_custom_HMM	No_custom_HMM	No_custom_HMM	No_PHROGs_HMM	Pyrodigal_3.3.0	CDS	None	hypothetical protein	unknown function	None	None	None	None	None	None	None	None	None	None	None	None	None	None	None	None	None	None	None	1
CBXRCNVH_CDS_0160	182474	181974	-	NC_044954.1	25.6	No_MMseqs	No_MMseqs	No_MMseqs	No_MMseqs	No_MMseqs_PHROG_hit	No_PHROGs_HMM	No_PHROGs_HMM	No_PHROGs_HMM	No_custom_HMM	No_custom_HMM	No_custom_HMM	No_PHROGs_HMM	Pyrodigal_3.3.0	CDS	None	hypothetical protein	unknown function	None	None	None	None	None	None	None	None	None	None	None	None	None	None	None	None	None	None	None	1
CBXRCNVH_CDS_0161	182802	182566	-	NC_044954.1	7.2	No_MMseqs	No_MMseqs	No_MMseqs	No_MMseqs	No_MMseqs_PHROG_hit	No_PHROGs_HMM	No_PHROGs_HMM	No_PHROGs_HMM	No_custom_HMM	No_custom_HMM	No_custom_HMM	No_PHROGs_HMM	Pyrodigal_3.3.0	CDS	None	hypothetical protein	unknown function	None	None	None	None	None	None	None	None	None	None	None	None	None	None	None	None	None	None	None	1
CBXRCNVH_CDS_0162	183148	183393	+	NC_044954.1	1.8	No_MMseqs	No_MMseqs	No_MMseqs	No_MMseqs	No_MMseqs_PHROG_hit	No_PHROGs_HMM	No_PHROGs_HMM	No_PHROGs_HMM	No_custom_HMM	No_custom_HMM	No_custom_HMM	No_PHROGs_HMM	Pyrodigal_3.3.0	CDS	None	hypothetical protein	unknown function	None	None	None	None	None	None	None	None	None	None	None	None	None	None	None	None	None	None	None	1
CBXRCNVH_CDS_0163	183624	184346	+	NC_044954.1	74.3	No_MMseqs	No_MMseqs	No_MMseqs	No_MMseqs	No_MMseqs_PHROG_hit	No_PHROGs_HMM	No_PHROGs_HMM	No_PHROGs_HMM	No_custom_HMM	No_custom_HMM	No_custom_HMM	No_PHROGs_HMM	Pyrodigal_3.3.0	CDS	None	hypothetical protein	unknown function	None	None	None	None	None	None	None	None	None	None	None	None	None	None	None	None	None	None	None	1
CBXRCNVH_CDS_0164	184877	184323	-	NC_044954.1	52.6	No_MMseqs	No_MMseqs	No_MMseqs	No_MMseqs	No_MMseqs_PHROG_hit	No_PHROGs_HMM	No_PHROGs_HMM	No_PHROGs_HMM	No_custom_HMM	No_custom_HMM	No_custom_HMM	No_PHROGs_HMM	Pyrodigal_3.3.0	CDS	None	hypothetical protein	unknown function	None	None	None	None	None	None	None	None	None	None	None	None	None	None	None	None	None	None	None	1
CBXRCNVH_CDS_0165	185124	186197	+	NC_044954.1	86.0	No_MMseqs	No_MMseqs	No_MMseqs	No_MMseqs	No_MMseqs_PHROG_hit	No_PHROGs_HMM	No_PHROGs_HMM	No_PHROGs_HMM	No_custom_HMM	No_custom_HMM	No_custom_HMM	No_PHROGs_HMM	Pyrodigal_3.3.0	CDS	None	hypothetical protein	unknown function	None	None	None	None	None	None	None	None	None	None	None	None	None	None	None	None	None	None	None	1
CBXRCNVH_CDS_0166	186593	186450	-	NC_044954.1	10.4	No_MMseqs	No_MMseqs	No_MMseqs	No_MMseqs	No_MMseqs_PHROG_hit	No_PHROGs_HMM	No_PHROGs_HMM	No_PHROGs_HMM	No_custom_HMM	No_custom_HMM	No_custom_HMM	No_PHROGs_HMM	Pyrodigal_3.3.0	CDS	None	hypothetical protein	unknown function	None	None	None	None	None	None	None	None	None	None	None	None	None	None	None	None	None	None	None	1
CBXRCNVH_CDS_0167	186860	186723	-	NC_044954.1	8.2	No_MMseqs	No_MMseqs	No_MMseqs	No_MMseqs	No_MMseqs_PHROG_hit	No_PHROGs_HMM	No_PHROGs_HMM	No_PHROGs_HMM	No_custom_HMM	No_custom_HMM	No_custom_HMM	No_PHROGs_HMM	Pyrodigal_3.3.0	CDS	None	hypothetical protein	unknown function	None	None	None	None	None	None	None	None	None	None	None	None	None	None	None	None	None	None	None	1
CBXRCNVH_CDS_0168	187611	187540	-	NC_044954.1	1.1	No_MMseqs	No_MMseqs	No_MMseqs	No_MMseqs	No_MMseqs_PHROG_hit	No_PHROGs_HMM	No_PHROGs_HMM	No_PHROGs_HMM	No_custom_HMM	No_custom_HMM	No_custom_HMM	No_PHROGs_HMM	Pyrodigal_3.3.0	CDS	None	hypothetical protein	unknown function	None	None	None	None	None	None	None	None	None	None	None	None	None	None	None	None	None	None	None	1
